model,error
LinearRegression,6.572377223987275
Tuned LightGBM,3.3472319981328167
